datastructure,threads,preload,size,operation,throughput
FPTree,48,100000000,100000000,insert,13054721
FPTree,48,100000000,100000000,lookup,23320539
FPTree,48,100000000,100000000,delete,3147502
FPTree,47,100000000,100000000,insert,8810151
FPTree,47,100000000,100000000,lookup,23225966
FPTree,47,100000000,100000000,delete,2534793
FPTree,46,100000000,100000000,insert,13243350
FPTree,46,100000000,100000000,lookup,22811634
FPTree,46,100000000,100000000,delete,2764980
FPTree,45,100000000,100000000,insert,11838241
FPTree,45,100000000,100000000,lookup,22310595
FPTree,45,100000000,100000000,delete,3374003
FPTree,44,100000000,100000000,insert,13516618
FPTree,44,100000000,100000000,lookup,22074132
FPTree,44,100000000,100000000,delete,2785610
FPTree,43,100000000,100000000,insert,12996045
FPTree,43,100000000,100000000,lookup,21515665
FPTree,43,100000000,100000000,delete,3008742
FPTree,42,100000000,100000000,insert,13078156
FPTree,42,100000000,100000000,lookup,21151603
FPTree,42,100000000,100000000,delete,3495245
FPTree,41,100000000,100000000,insert,13170527
FPTree,41,100000000,100000000,lookup,20510289
FPTree,41,100000000,100000000,delete,2877351
FPTree,40,100000000,100000000,insert,12552970
FPTree,40,100000000,100000000,lookup,20093933
FPTree,40,100000000,100000000,delete,3743595
FPTree,39,100000000,100000000,insert,11680118
FPTree,39,100000000,100000000,lookup,19664253
FPTree,39,100000000,100000000,delete,3663554
FPTree,38,100000000,100000000,insert,13753644
FPTree,38,100000000,100000000,lookup,19516665
FPTree,38,100000000,100000000,delete,3802504
FPTree,37,100000000,100000000,insert,12491914
FPTree,37,100000000,100000000,lookup,18876438
FPTree,37,100000000,100000000,delete,3549426
FPTree,36,100000000,100000000,insert,11176736
FPTree,36,100000000,100000000,lookup,18579340
FPTree,36,100000000,100000000,delete,3800584
FPTree,35,100000000,100000000,insert,12034475
FPTree,35,100000000,100000000,lookup,18007401
FPTree,35,100000000,100000000,delete,3867835
FPTree,34,100000000,100000000,insert,10208843
FPTree,34,100000000,100000000,lookup,17756551
FPTree,34,100000000,100000000,delete,3818020
FPTree,33,100000000,100000000,insert,11881118
FPTree,33,100000000,100000000,lookup,16852166
FPTree,33,100000000,100000000,delete,4106174
FPTree,32,100000000,100000000,insert,9636338
FPTree,32,100000000,100000000,lookup,16732009
FPTree,32,100000000,100000000,delete,2986400
FPTree,31,100000000,100000000,insert,10639636
FPTree,31,100000000,100000000,lookup,16149817
FPTree,31,100000000,100000000,delete,3975260
FPTree,30,100000000,100000000,insert,9832069
FPTree,30,100000000,100000000,lookup,15590516
FPTree,30,100000000,100000000,delete,4150142
FPTree,29,100000000,100000000,insert,11256135
FPTree,29,100000000,100000000,lookup,15340001
FPTree,29,100000000,100000000,delete,4056355
FPTree,28,100000000,100000000,insert,9601688
FPTree,28,100000000,100000000,lookup,14776825
FPTree,28,100000000,100000000,delete,4072032
FPTree,27,100000000,100000000,insert,7592716
FPTree,27,100000000,100000000,lookup,14347830
FPTree,27,100000000,100000000,delete,4236331
FPTree,26,100000000,100000000,insert,8752319
FPTree,26,100000000,100000000,lookup,13787510
FPTree,26,100000000,100000000,delete,4197974
FPTree,25,100000000,100000000,insert,10313042
FPTree,25,100000000,100000000,lookup,13500815
FPTree,25,100000000,100000000,delete,4416218
FPTree,24,100000000,100000000,insert,8829579
FPTree,24,100000000,100000000,lookup,14337765
FPTree,24,100000000,100000000,delete,5185880
FPTree,23,100000000,100000000,insert,8059007
FPTree,23,100000000,100000000,lookup,13702182
FPTree,23,100000000,100000000,delete,5097757
FPTree,22,100000000,100000000,insert,8560865
FPTree,22,100000000,100000000,lookup,13152963
FPTree,22,100000000,100000000,delete,4962429
FPTree,21,100000000,100000000,insert,8445504
FPTree,21,100000000,100000000,lookup,12579429
FPTree,21,100000000,100000000,delete,4835779
FPTree,20,100000000,100000000,insert,7781560
FPTree,20,100000000,100000000,lookup,11993842
FPTree,20,100000000,100000000,delete,4617520
FPTree,19,100000000,100000000,insert,7566331
FPTree,19,100000000,100000000,lookup,11437859
FPTree,19,100000000,100000000,delete,4494509
FPTree,18,100000000,100000000,insert,7349111
FPTree,18,100000000,100000000,lookup,10986393
FPTree,18,100000000,100000000,delete,4379389
FPTree,17,100000000,100000000,insert,6792291
FPTree,17,100000000,100000000,lookup,10567836
FPTree,17,100000000,100000000,delete,4256338
FPTree,16,100000000,100000000,insert,6167421
FPTree,16,100000000,100000000,lookup,9817043
FPTree,16,100000000,100000000,delete,4002912
FPTree,15,100000000,100000000,insert,6110101
FPTree,15,100000000,100000000,lookup,9368908
FPTree,15,100000000,100000000,delete,3828095
FPTree,14,100000000,100000000,insert,6036354
FPTree,14,100000000,100000000,lookup,8763398
FPTree,14,100000000,100000000,delete,3646944
FPTree,13,100000000,100000000,insert,5535197
FPTree,13,100000000,100000000,lookup,8218199
FPTree,13,100000000,100000000,delete,3462859
FPTree,12,100000000,100000000,insert,5153205
FPTree,12,100000000,100000000,lookup,7547119
FPTree,12,100000000,100000000,delete,3264322
FPTree,11,100000000,100000000,insert,4775105
FPTree,11,100000000,100000000,lookup,7013207
FPTree,11,100000000,100000000,delete,3061945
FPTree,10,100000000,100000000,insert,4330157
FPTree,10,100000000,100000000,lookup,6354774
FPTree,10,100000000,100000000,delete,2798721
FPTree,9,100000000,100000000,insert,3830678
FPTree,9,100000000,100000000,lookup,5768158
FPTree,9,100000000,100000000,delete,2576371
FPTree,8,100000000,100000000,insert,3702923
FPTree,8,100000000,100000000,lookup,5061410
FPTree,8,100000000,100000000,delete,2327411
FPTree,7,100000000,100000000,insert,3114123
FPTree,7,100000000,100000000,lookup,4463539
FPTree,7,100000000,100000000,delete,2063983
FPTree,6,100000000,100000000,insert,2063983
FPTree,6,100000000,100000000,lookup,3845264
FPTree,6,100000000,100000000,delete,1804553
FPTree,5,100000000,100000000,insert,1804553
FPTree,5,100000000,100000000,lookup,3265742
FPTree,5,100000000,100000000,delete,1522318
FPTree,4,100000000,100000000,insert,1772581
FPTree,4,100000000,100000000,lookup,2589918
FPTree,4,100000000,100000000,delete,1225329
FPTree,3,100000000,100000000,insert,1329445
FPTree,3,100000000,100000000,lookup,1964277
FPTree,3,100000000,100000000,delete,947427
FPTree,2,100000000,100000000,insert,849307
FPTree,2,100000000,100000000,lookup,1319066
FPTree,2,100000000,100000000,delete,636591
FPTree,1,100000000,100000000,insert,469181
FPTree,1,100000000,100000000,lookup,665220
FPTree,1,100000000,100000000,delete,328169
PLUSH,1,100000000,100000000,insert,1439808
PLUSH,1,100000000,100000000,lookup,939835
PLUSH,1,100000000,100000000,delete,1437608
DASH,1,100000000,100000000,insert,935433
DASH,1,100000000,100000000,lookup,1555335
DASH,1,100000000,100000000,delete,1448112
PLUSH,2,100000000,100000000,insert,2723607
PLUSH,2,100000000,100000000,lookup,1878311
PLUSH,2,100000000,100000000,delete,2685394
DASH,2,100000000,100000000,insert,1666602
DASH,2,100000000,100000000,lookup,3072406
DASH,2,100000000,100000000,delete,2743832
PLUSH,3,100000000,100000000,insert,3924692
PLUSH,3,100000000,100000000,lookup,2686148
PLUSH,3,100000000,100000000,delete,3928653
DASH,3,100000000,100000000,insert,2257719
DASH,3,100000000,100000000,lookup,4598799
DASH,3,100000000,100000000,delete,3962690
PLUSH,4,100000000,100000000,insert,5062297
PLUSH,4,100000000,100000000,lookup,3713927
PLUSH,4,100000000,100000000,delete,5073160
DASH,4,100000000,100000000,insert,2782298
DASH,4,100000000,100000000,lookup,6125302
DASH,4,100000000,100000000,delete,5070436
PLUSH,5,100000000,100000000,insert,6198701
PLUSH,5,100000000,100000000,lookup,4659233
PLUSH,5,100000000,100000000,delete,6187647
DASH,5,100000000,100000000,insert,3367222
DASH,5,100000000,100000000,lookup,7613802
DASH,5,100000000,100000000,delete,6111694
PLUSH,6,100000000,100000000,insert,7313659
PLUSH,6,100000000,100000000,lookup,5576874
PLUSH,6,100000000,100000000,delete,7267802
DASH,6,100000000,100000000,insert,4031029
DASH,6,100000000,100000000,lookup,9111739
DASH,6,100000000,100000000,delete,7090133
PLUSH,7,100000000,100000000,insert,8456382
PLUSH,7,100000000,100000000,lookup,6480443
PLUSH,7,100000000,100000000,delete,8366522
DASH,7,100000000,100000000,insert,4770042
DASH,7,100000000,100000000,lookup,10597062
DASH,7,100000000,100000000,delete,8003286
PLUSH,8,100000000,100000000,insert,9419466
PLUSH,8,100000000,100000000,lookup,7333573
PLUSH,8,100000000,100000000,delete,9306792
DASH,8,100000000,100000000,insert,5522712
DASH,8,100000000,100000000,lookup,12072187
DASH,8,100000000,100000000,delete,8824206
PLUSH,9,100000000,100000000,insert,10156904
PLUSH,9,100000000,100000000,lookup,8004725
PLUSH,9,100000000,100000000,delete,10342024
DASH,9,100000000,100000000,insert,6281679
DASH,9,100000000,100000000,lookup,13524187
DASH,9,100000000,100000000,delete,9627642
PLUSH,10,100000000,100000000,insert,11348320
PLUSH,10,100000000,100000000,lookup,9161418
PLUSH,10,100000000,100000000,delete,11288465
DASH,10,100000000,100000000,insert,6996309
DASH,10,100000000,100000000,lookup,14974072
DASH,10,100000000,100000000,delete,10359786
PLUSH,11,100000000,100000000,insert,12363569
PLUSH,11,100000000,100000000,lookup,10020188
PLUSH,11,100000000,100000000,delete,12291365
DASH,11,100000000,100000000,insert,7654162
DASH,11,100000000,100000000,lookup,16421693
DASH,11,100000000,100000000,delete,11055662
PLUSH,12,100000000,100000000,insert,13079279
PLUSH,12,100000000,100000000,lookup,10897380
PLUSH,12,100000000,100000000,delete,13009153
DASH,12,100000000,100000000,insert,8258892
DASH,12,100000000,100000000,lookup,17837926
DASH,12,100000000,100000000,delete,11669054
PLUSH,13,100000000,100000000,insert,13928890
PLUSH,13,100000000,100000000,lookup,11613737
PLUSH,13,100000000,100000000,delete,13795498
DASH,13,100000000,100000000,insert,8810938
DASH,13,100000000,100000000,lookup,19207414
DASH,13,100000000,100000000,delete,12331264
PLUSH,14,100000000,100000000,insert,14873562
PLUSH,14,100000000,100000000,lookup,12463743
PLUSH,14,100000000,100000000,delete,14670161
DASH,14,100000000,100000000,insert,9378602
DASH,14,100000000,100000000,lookup,20617404
DASH,14,100000000,100000000,delete,12886893
PLUSH,15,100000000,100000000,insert,15758522
PLUSH,15,100000000,100000000,lookup,12611837
PLUSH,15,100000000,100000000,delete,15528848
DASH,15,100000000,100000000,insert,9853827
DASH,15,100000000,100000000,lookup,21904844
DASH,15,100000000,100000000,delete,13420615
PLUSH,16,100000000,100000000,insert,15832783
PLUSH,16,100000000,100000000,lookup,14050640
PLUSH,16,100000000,100000000,delete,16499683
DASH,16,100000000,100000000,insert,10332829
DASH,16,100000000,100000000,lookup,23002936
DASH,16,100000000,100000000,delete,13820397
PLUSH,17,100000000,100000000,insert,16905260
PLUSH,17,100000000,100000000,lookup,14725488
PLUSH,17,100000000,100000000,delete,16841329
DASH,17,100000000,100000000,insert,10859136
DASH,17,100000000,100000000,lookup,24382215
DASH,17,100000000,100000000,delete,14521322
PLUSH,18,100000000,100000000,insert,17669949
PLUSH,18,100000000,100000000,lookup,15509495
PLUSH,18,100000000,100000000,delete,17543527
DASH,18,100000000,100000000,insert,11391982
DASH,18,100000000,100000000,lookup,25689793
DASH,18,100000000,100000000,delete,14693347
PLUSH,19,100000000,100000000,insert,18471852
PLUSH,19,100000000,100000000,lookup,16326478
PLUSH,19,100000000,100000000,delete,18324406
DASH,19,100000000,100000000,insert,11598816
DASH,19,100000000,100000000,lookup,26905185
DASH,19,100000000,100000000,delete,15244088
PLUSH,20,100000000,100000000,insert,18983026
PLUSH,20,100000000,100000000,lookup,17102139
PLUSH,20,100000000,100000000,delete,18862912
DASH,20,100000000,100000000,insert,11998549
DASH,20,100000000,100000000,lookup,27948282
DASH,20,100000000,100000000,delete,15470267
PLUSH,21,100000000,100000000,insert,19935845
PLUSH,21,100000000,100000000,lookup,17830184
PLUSH,21,100000000,100000000,delete,19479110
DASH,21,100000000,100000000,insert,12276243
DASH,21,100000000,100000000,lookup,28776139
DASH,21,100000000,100000000,delete,15759160
PLUSH,22,100000000,100000000,insert,20731495
PLUSH,22,100000000,100000000,lookup,18621201
PLUSH,22,100000000,100000000,delete,19933784
DASH,22,100000000,100000000,insert,12502325
DASH,22,100000000,100000000,lookup,30485152
DASH,22,100000000,100000000,delete,16529348
PLUSH,23,100000000,100000000,insert,21720616
PLUSH,23,100000000,100000000,lookup,19396707
PLUSH,23,100000000,100000000,delete,21050588
DASH,23,100000000,100000000,insert,12603368
DASH,23,100000000,100000000,lookup,31597321
DASH,23,100000000,100000000,delete,16265459
PLUSH,24,100000000,100000000,insert,22302419
PLUSH,24,100000000,100000000,lookup,20170877
PLUSH,24,100000000,100000000,delete,21795752
DASH,24,100000000,100000000,insert,12699715
DASH,24,100000000,100000000,lookup,32756980
DASH,24,100000000,100000000,delete,16582018
PLUSH,25,100000000,100000000,insert,21506421
PLUSH,25,100000000,100000000,lookup,18824233
PLUSH,25,100000000,100000000,delete,21087972
DASH,25,100000000,100000000,insert,12623169
DASH,25,100000000,100000000,lookup,31756521
DASH,25,100000000,100000000,delete,16379124
PLUSH,26,100000000,100000000,insert,21813726
PLUSH,26,100000000,100000000,lookup,19431787
PLUSH,26,100000000,100000000,delete,21840007
DASH,26,100000000,100000000,insert,12195746
DASH,26,100000000,100000000,lookup,32830685
DASH,26,100000000,100000000,delete,16367493
PLUSH,27,100000000,100000000,insert,22283067
PLUSH,27,100000000,100000000,lookup,20156345
PLUSH,27,100000000,100000000,delete,22431866
DASH,27,100000000,100000000,insert,12163492
DASH,27,100000000,100000000,lookup,33904708
DASH,27,100000000,100000000,delete,16938071
PLUSH,28,100000000,100000000,insert,22984006
PLUSH,28,100000000,100000000,lookup,20842000
PLUSH,28,100000000,100000000,delete,23151926
DASH,28,100000000,100000000,insert,12221209
DASH,28,100000000,100000000,lookup,34990689
DASH,28,100000000,100000000,delete,17258062
PLUSH,29,100000000,100000000,insert,23484824
PLUSH,29,100000000,100000000,lookup,21491393
PLUSH,29,100000000,100000000,delete,23303715
DASH,29,100000000,100000000,insert,11702928
DASH,29,100000000,100000000,lookup,35992932
DASH,29,100000000,100000000,delete,16797095
PLUSH,30,100000000,100000000,insert,24396165
PLUSH,30,100000000,100000000,lookup,22119473
PLUSH,30,100000000,100000000,delete,24162414
DASH,30,100000000,100000000,insert,11776925
DASH,30,100000000,100000000,lookup,36964529
DASH,30,100000000,100000000,delete,17055411
PLUSH,31,100000000,100000000,insert,24766801
PLUSH,31,100000000,100000000,lookup,22809992
PLUSH,31,100000000,100000000,delete,24922282
DASH,31,100000000,100000000,insert,11830492
DASH,31,100000000,100000000,lookup,37945070
DASH,31,100000000,100000000,delete,16993299
PLUSH,32,100000000,100000000,insert,25271891
PLUSH,32,100000000,100000000,lookup,23402734
PLUSH,32,100000000,100000000,delete,25250176
DASH,32,100000000,100000000,insert,11899123
DASH,32,100000000,100000000,lookup,38972733
DASH,32,100000000,100000000,delete,17054376
PLUSH,33,100000000,100000000,insert,26191708
PLUSH,33,100000000,100000000,lookup,24117900
PLUSH,33,100000000,100000000,delete,25432359
DASH,33,100000000,100000000,insert,12195046
DASH,33,100000000,100000000,lookup,39921288
DASH,33,100000000,100000000,delete,16955545
PLUSH,34,100000000,100000000,insert,26662846
PLUSH,34,100000000,100000000,lookup,24796174
PLUSH,34,100000000,100000000,delete,26149135
DASH,34,100000000,100000000,insert,12065098
DASH,34,100000000,100000000,lookup,40737066
DASH,34,100000000,100000000,delete,17036856
PLUSH,35,100000000,100000000,insert,27256621
PLUSH,35,100000000,100000000,lookup,25427162
PLUSH,35,100000000,100000000,delete,26416633
DASH,35,100000000,100000000,insert,12242980
DASH,35,100000000,100000000,lookup,41548168
DASH,35,100000000,100000000,delete,17098561
PLUSH,36,100000000,100000000,insert,27783066
PLUSH,36,100000000,100000000,lookup,25929302
PLUSH,36,100000000,100000000,delete,27362689
DASH,36,100000000,100000000,insert,12292582
DASH,36,100000000,100000000,lookup,42569178
DASH,36,100000000,100000000,delete,17218799
PLUSH,37,100000000,100000000,insert,28102431
PLUSH,37,100000000,100000000,lookup,26446282
PLUSH,37,100000000,100000000,delete,27626554
DASH,37,100000000,100000000,insert,12456531
DASH,37,100000000,100000000,lookup,43453275
DASH,37,100000000,100000000,delete,17220045
PLUSH,38,100000000,100000000,insert,29018297
PLUSH,38,100000000,100000000,lookup,27125186
PLUSH,38,100000000,100000000,delete,28332011
DASH,38,100000000,100000000,insert,12719821
DASH,38,100000000,100000000,lookup,44363208
DASH,38,100000000,100000000,delete,17699087
PLUSH,39,100000000,100000000,insert,28719896
PLUSH,39,100000000,100000000,lookup,27697043
PLUSH,39,100000000,100000000,delete,28526255
DASH,39,100000000,100000000,insert,12855230
DASH,39,100000000,100000000,lookup,45140467
DASH,39,100000000,100000000,delete,17154289
PLUSH,40,100000000,100000000,insert,29492539
PLUSH,40,100000000,100000000,lookup,28338925
PLUSH,40,100000000,100000000,delete,29258586
DASH,40,100000000,100000000,insert,12605982
DASH,40,100000000,100000000,lookup,45930002
DASH,40,100000000,100000000,delete,17001799
PLUSH,41,100000000,100000000,insert,29927514
PLUSH,41,100000000,100000000,lookup,29023339
PLUSH,41,100000000,100000000,delete,29819806
DASH,41,100000000,100000000,insert,12833125
DASH,41,100000000,100000000,lookup,46715616
DASH,41,100000000,100000000,delete,17310587
PLUSH,42,100000000,100000000,insert,30933962
PLUSH,42,100000000,100000000,lookup,29616560
PLUSH,42,100000000,100000000,delete,30163106
DASH,42,100000000,100000000,insert,12857050
DASH,42,100000000,100000000,lookup,47449178
DASH,42,100000000,100000000,delete,17083632
PLUSH,43,100000000,100000000,insert,31335460
PLUSH,43,100000000,100000000,lookup,30230821
PLUSH,43,100000000,100000000,delete,30752759
DASH,43,100000000,100000000,insert,12877234
DASH,43,100000000,100000000,lookup,48116959
DASH,43,100000000,100000000,delete,17503624
PLUSH,44,100000000,100000000,insert,30930131
PLUSH,44,100000000,100000000,lookup,30722662
PLUSH,44,100000000,100000000,delete,31092865
DASH,44,100000000,100000000,insert,12964644
DASH,44,100000000,100000000,lookup,48825901
DASH,44,100000000,100000000,delete,17071142
PLUSH,45,100000000,100000000,insert,32022958
PLUSH,45,100000000,100000000,lookup,29270739
PLUSH,45,100000000,100000000,delete,31164409
DASH,45,100000000,100000000,insert,13076573
DASH,45,100000000,100000000,lookup,49443745
DASH,45,100000000,100000000,delete,17203390
PLUSH,46,100000000,100000000,insert,32570466
PLUSH,46,100000000,100000000,lookup,32087382
PLUSH,46,100000000,100000000,delete,32003272
DASH,46,100000000,100000000,insert,13092004
DASH,46,100000000,100000000,lookup,50145861
DASH,46,100000000,100000000,delete,17182333
PLUSH,47,100000000,100000000,insert,33475719
PLUSH,47,100000000,100000000,lookup,32687640
PLUSH,47,100000000,100000000,delete,32053200
DASH,47,100000000,100000000,insert,13041330
DASH,47,100000000,100000000,lookup,50728949
DASH,47,100000000,100000000,delete,17001162
PLUSH,48,100000000,100000000,insert,32692636
PLUSH,48,100000000,100000000,lookup,33075119
PLUSH,48,100000000,100000000,delete,33135217
DASH,48,100000000,100000000,insert,13351872
DASH,48,100000000,100000000,lookup,50812651
DASH,48,100000000,100000000,delete,17410659
utree,48,100000000,100000000,insert,6478098
utree,48,100000000,100000000,lookup,39403157
utree,48,100000000,100000000,delete,17328209
utree,47,100000000,100000000,insert,6795367
utree,47,100000000,100000000,lookup,39554880
utree,47,100000000,100000000,delete,17200769
utree,46,100000000,100000000,insert,7372311
utree,46,100000000,100000000,lookup,39026364
utree,46,100000000,100000000,delete,16966360
utree,45,100000000,100000000,insert,7162062
utree,45,100000000,100000000,lookup,38022753
utree,44,100000000,100000000,insert,6865469
utree,44,100000000,100000000,lookup,37335404
utree,43,100000000,100000000,insert,6497717
utree,43,100000000,100000000,lookup,36326803
utree,42,100000000,100000000,insert,6620761
utree,42,100000000,100000000,lookup,35792926
utree,41,100000000,100000000,insert,6351810
utree,41,100000000,100000000,lookup,35285763
utree,40,100000000,100000000,insert,6387699
utree,40,100000000,100000000,lookup,34360545
utree,39,100000000,100000000,insert,6854400
utree,39,100000000,100000000,lookup,33494813
utree,38,100000000,100000000,insert,6394525
utree,38,100000000,100000000,lookup,32834546
utree,37,100000000,100000000,insert,6094828
utree,37,100000000,100000000,lookup,31937365
utree,36,100000000,100000000,insert,6227410
utree,36,100000000,100000000,lookup,31101575
utree,35,100000000,100000000,insert,6064959
utree,35,100000000,100000000,lookup,30371494
utree,34,100000000,100000000,insert,6122412
utree,34,100000000,100000000,lookup,29660412
utree,33,100000000,100000000,insert,6120270
utree,33,100000000,100000000,lookup,28563791
utree,32,100000000,100000000,insert,6339582
utree,32,100000000,100000000,lookup,28079256
utree,31,100000000,100000000,insert,5953709
utree,31,100000000,100000000,lookup,27307458
utree,30,100000000,100000000,insert,5718960
utree,30,100000000,100000000,lookup,26488178
utree,29,100000000,100000000,insert,6118018
utree,29,100000000,100000000,lookup,25703651
utree,28,100000000,100000000,insert,5312432
utree,28,100000000,100000000,lookup,24796252
utree,27,100000000,100000000,insert,4955399
utree,27,100000000,100000000,lookup,23898735
utree,26,100000000,100000000,insert,5000877
utree,26,100000000,100000000,lookup,23121938
utree,25,100000000,100000000,insert,5309611
utree,25,100000000,100000000,lookup,22315819
utree,24,100000000,100000000,insert,5230412
utree,24,100000000,100000000,lookup,23400956
utree,23,100000000,100000000,insert,5008359
utree,23,100000000,100000000,lookup,22466787
utree,22,100000000,100000000,insert,4792587
utree,22,100000000,100000000,lookup,21564793
utree,21,100000000,100000000,insert,4592517
utree,21,100000000,100000000,lookup,20538308
utree,20,100000000,100000000,insert,4449459
utree,20,100000000,100000000,lookup,19954951
utree,19,100000000,100000000,insert,4277208
utree,19,100000000,100000000,lookup,19044057
utree,18,100000000,100000000,insert,4190374
utree,18,100000000,100000000,lookup,18087938
utree,17,100000000,100000000,insert,3798733
utree,17,100000000,100000000,lookup,17097229
utree,16,100000000,100000000,insert,3709406
utree,16,100000000,100000000,lookup,16234755
utree,15,100000000,100000000,insert,3447039
utree,15,100000000,100000000,lookup,15435440
utree,14,100000000,100000000,insert,3301145
utree,14,100000000,100000000,lookup,14409144
utree,13,100000000,100000000,insert,2923553
utree,13,100000000,100000000,lookup,13461372
utree,12,100000000,100000000,insert,2845012
utree,12,100000000,100000000,lookup,12418410
utree,11,100000000,100000000,insert,2694952
utree,11,100000000,100000000,lookup,11414897
utree,10,100000000,100000000,insert,2416941
utree,10,100000000,100000000,lookup,10392683
utree,9,100000000,100000000,insert,2180091
utree,9,100000000,100000000,lookup,9398633
utree,8,100000000,100000000,insert,1974707
utree,8,100000000,100000000,lookup,8325620
utree,7,100000000,100000000,insert,1704118
utree,7,100000000,100000000,lookup,7317173
utree,6,100000000,100000000,insert,1476455
utree,6,100000000,100000000,lookup,6282947
utree,5,100000000,100000000,insert,1240667
utree,5,100000000,100000000,lookup,5253575
utree,4,100000000,100000000,insert,989417
utree,4,100000000,100000000,lookup,4225697
utree,3,100000000,100000000,insert,744094
utree,3,100000000,100000000,lookup,3183003
utree,2,100000000,100000000,insert,499415
utree,2,100000000,100000000,lookup,2146548
utree,1,100000000,100000000,insert,254828
utree,1,100000000,100000000,lookup,1065480
FASTFAIR,48,100000000,100000000,insert,7737135
FASTFAIR,48,100000000,100000000,lookup,22157823
FASTFAIR,48,100000000,100000000,delete,8846572
FASTFAIR,47,100000000,100000000,insert,8532356
FASTFAIR,47,100000000,100000000,lookup,22080833
FASTFAIR,47,100000000,100000000,delete,8577398
FASTFAIR,46,100000000,100000000,insert,7943840
FASTFAIR,46,100000000,100000000,lookup,22089209
FASTFAIR,46,100000000,100000000,delete,8686321
FASTFAIR,45,100000000,100000000,insert,7692303
FASTFAIR,45,100000000,100000000,lookup,21729406
FASTFAIR,45,100000000,100000000,delete,8747432
FASTFAIR,44,100000000,100000000,insert,7579218
FASTFAIR,44,100000000,100000000,lookup,21313334
FASTFAIR,44,100000000,100000000,delete,8607179
FASTFAIR,43,100000000,100000000,insert,7618676
FASTFAIR,43,100000000,100000000,lookup,21019537
FASTFAIR,43,100000000,100000000,delete,8474433
FASTFAIR,42,100000000,100000000,insert,7709511
FASTFAIR,42,100000000,100000000,lookup,20707687
FASTFAIR,42,100000000,100000000,delete,8623347
FASTFAIR,41,100000000,100000000,insert,7829079
FASTFAIR,41,100000000,100000000,lookup,20504104
FASTFAIR,41,100000000,100000000,delete,8259159
FASTFAIR,40,100000000,100000000,insert,7666055
FASTFAIR,40,100000000,100000000,lookup,19961025
FASTFAIR,40,100000000,100000000,delete,8395246
FASTFAIR,39,100000000,100000000,insert,7692027
FASTFAIR,39,100000000,100000000,lookup,19662411
FASTFAIR,39,100000000,100000000,delete,8354550
FASTFAIR,38,100000000,100000000,insert,7649725
FASTFAIR,38,100000000,100000000,lookup,19284167
FASTFAIR,38,100000000,100000000,delete,8161318
FASTFAIR,37,100000000,100000000,insert,7423277
FASTFAIR,37,100000000,100000000,lookup,18954694
FASTFAIR,37,100000000,100000000,delete,8252678
FASTFAIR,36,100000000,100000000,insert,7486317
FASTFAIR,36,100000000,100000000,lookup,18682682
FASTFAIR,36,100000000,100000000,delete,8373001
FASTFAIR,35,100000000,100000000,insert,7351919
FASTFAIR,35,100000000,100000000,lookup,18259279
FASTFAIR,35,100000000,100000000,delete,8104931
FASTFAIR,34,100000000,100000000,insert,7520089
FASTFAIR,34,100000000,100000000,lookup,17925796
FASTFAIR,34,100000000,100000000,delete,8129564
FASTFAIR,33,100000000,100000000,insert,6279230
FASTFAIR,33,100000000,100000000,lookup,17468314
FASTFAIR,33,100000000,100000000,delete,8425124
FASTFAIR,32,100000000,100000000,insert,7269880
FASTFAIR,32,100000000,100000000,lookup,17132294
FASTFAIR,32,100000000,100000000,delete,7847510
FASTFAIR,31,100000000,100000000,insert,6960208
FASTFAIR,31,100000000,100000000,lookup,16625685
FASTFAIR,31,100000000,100000000,delete,7792264
FASTFAIR,30,100000000,100000000,insert,7059089
FASTFAIR,30,100000000,100000000,lookup,16302534
FASTFAIR,30,100000000,100000000,delete,7599218
FASTFAIR,29,100000000,100000000,insert,7350999
FASTFAIR,29,100000000,100000000,lookup,15899380
FASTFAIR,29,100000000,100000000,delete,7583156
FASTFAIR,28,100000000,100000000,insert,6952954
FASTFAIR,28,100000000,100000000,lookup,15405491
FASTFAIR,28,100000000,100000000,delete,7384517
FASTFAIR,27,100000000,100000000,insert,6514111
FASTFAIR,27,100000000,100000000,lookup,14834421
FASTFAIR,27,100000000,100000000,delete,7308235
FASTFAIR,26,100000000,100000000,insert,6800628
FASTFAIR,26,100000000,100000000,lookup,14468672
FASTFAIR,26,100000000,100000000,delete,7209282
FASTFAIR,25,100000000,100000000,insert,6681296
FASTFAIR,25,100000000,100000000,lookup,14017578
FASTFAIR,25,100000000,100000000,delete,7003287
FASTFAIR,24,100000000,100000000,insert,6790242
FASTFAIR,24,100000000,100000000,lookup,14898616
FASTFAIR,24,100000000,100000000,delete,7666990
FASTFAIR,23,100000000,100000000,insert,6129476
FASTFAIR,23,100000000,100000000,lookup,14404349
FASTFAIR,23,100000000,100000000,delete,7618797
FASTFAIR,22,100000000,100000000,insert,7618797
FASTFAIR,22,100000000,100000000,lookup,13889324
FASTFAIR,22,100000000,100000000,delete,7446981
FASTFAIR,21,100000000,100000000,insert,7446981
FASTFAIR,21,100000000,100000000,lookup,13337121
FASTFAIR,21,100000000,100000000,delete,7338579
FASTFAIR,20,100000000,100000000,insert,5386842
FASTFAIR,20,100000000,100000000,lookup,12853321
FASTFAIR,20,100000000,100000000,delete,7147544
FASTFAIR,19,100000000,100000000,insert,5813965
FASTFAIR,19,100000000,100000000,lookup,12506355
FASTFAIR,19,100000000,100000000,delete,6689694
FASTFAIR,18,100000000,100000000,insert,5444659
FASTFAIR,18,100000000,100000000,lookup,11999243
FASTFAIR,18,100000000,100000000,delete,6815435
FASTFAIR,17,100000000,100000000,insert,5503430
FASTFAIR,17,100000000,100000000,lookup,11305108
FASTFAIR,17,100000000,100000000,delete,6569602
FASTFAIR,16,100000000,100000000,insert,5319762
FASTFAIR,16,100000000,100000000,lookup,10914725
FASTFAIR,16,100000000,100000000,delete,6336421
FASTFAIR,15,100000000,100000000,insert,5031577
FASTFAIR,15,100000000,100000000,lookup,10286569
FASTFAIR,15,100000000,100000000,delete,6037404
FASTFAIR,14,100000000,100000000,insert,4879779
FASTFAIR,14,100000000,100000000,lookup,9679289
FASTFAIR,14,100000000,100000000,delete,5857420
FASTFAIR,13,100000000,100000000,insert,4614092
FASTFAIR,13,100000000,100000000,lookup,9061015
FASTFAIR,13,100000000,100000000,delete,5498187
FASTFAIR,12,100000000,100000000,insert,4202615
FASTFAIR,12,100000000,100000000,lookup,8390494
FASTFAIR,12,100000000,100000000,delete,5327485
FASTFAIR,11,100000000,100000000,insert,4028894
FASTFAIR,11,100000000,100000000,lookup,7801929
FASTFAIR,11,100000000,100000000,delete,5006695
FASTFAIR,10,100000000,100000000,insert,3841102
FASTFAIR,10,100000000,100000000,lookup,7151720
FASTFAIR,10,100000000,100000000,delete,4622403
FASTFAIR,9,100000000,100000000,insert,3458861
FASTFAIR,9,100000000,100000000,lookup,6413955
FASTFAIR,9,100000000,100000000,delete,4296709
FASTFAIR,8,100000000,100000000,insert,3235904
FASTFAIR,8,100000000,100000000,lookup,5758596
FASTFAIR,8,100000000,100000000,delete,3937955
FASTFAIR,7,100000000,100000000,insert,2908604
FASTFAIR,7,100000000,100000000,lookup,5123234
FASTFAIR,7,100000000,100000000,delete,3496004
FASTFAIR,6,100000000,100000000,insert,2441217
FASTFAIR,6,100000000,100000000,lookup,4364058
FASTFAIR,6,100000000,100000000,delete,3100553
FASTFAIR,5,100000000,100000000,insert,2166551
FASTFAIR,5,100000000,100000000,lookup,3672853
FASTFAIR,5,100000000,100000000,delete,2660695
FASTFAIR,4,100000000,100000000,insert,1736981
FASTFAIR,4,100000000,100000000,lookup,2951547
FASTFAIR,4,100000000,100000000,delete,2160304
FASTFAIR,3,100000000,100000000,insert,1342222
FASTFAIR,3,100000000,100000000,lookup,2235874
FASTFAIR,3,100000000,100000000,delete,1678167
FASTFAIR,2,100000000,100000000,insert,929612
FASTFAIR,2,100000000,100000000,lookup,1502069
FASTFAIR,2,100000000,100000000,delete,1155018
FASTFAIR,1,100000000,100000000,insert,479621
FASTFAIR,1,100000000,100000000,lookup,762109
FASTFAIR,1,100000000,100000000,delete,591529
utree,46,100000000,100000000,delete,17032092
utree,45,100000000,100000000,delete,16690353
utree,44,100000000,100000000,delete,16438489
utree,43,100000000,100000000,delete,16106928
utree,42,100000000,100000000,delete,15843793
utree,41,100000000,100000000,delete,15601508
utree,40,100000000,100000000,delete,15303331
utree,39,100000000,100000000,delete,14942938
utree,38,100000000,100000000,delete,14643024
utree,37,100000000,100000000,delete,14446858
utree,36,100000000,100000000,delete,14162627
utree,35,100000000,100000000,delete,13871898
utree,34,100000000,100000000,delete,13562785
utree,33,100000000,100000000,delete,13214873
utree,32,100000000,100000000,delete,12945027
utree,31,100000000,100000000,delete,12629539
utree,30,100000000,100000000,delete,12218301
utree,29,100000000,100000000,delete,11951059
utree,28,100000000,100000000,delete,11626451
utree,27,100000000,100000000,delete,11261132
utree,26,100000000,100000000,delete,10953571
utree,25,100000000,100000000,delete,10588487
utree,24,100000000,100000000,delete,10861245
utree,23,100000000,100000000,delete,10381975
utree,22,100000000,100000000,delete,10083821
utree,21,100000000,100000000,delete,9658914
utree,20,100000000,100000000,delete,9429785
utree,19,100000000,100000000,delete,9027457
utree,18,100000000,100000000,delete,8635029
utree,17,100000000,100000000,delete,8163164
utree,16,100000000,100000000,delete,7860233
utree,15,100000000,100000000,delete,7430324
utree,14,100000000,100000000,delete,7041020
utree,13,100000000,100000000,delete,6578523
utree,12,100000000,100000000,delete,6102393
utree,11,100000000,100000000,delete,5655757
utree,10,100000000,100000000,delete,5179517
utree,9,100000000,100000000,delete,4689218
utree,8,100000000,100000000,delete,4202088
utree,7,100000000,100000000,delete,3716349
utree,6,100000000,100000000,delete,3209007
utree,5,100000000,100000000,delete,2691966
utree,4,100000000,100000000,delete,2173351
utree,3,100000000,100000000,delete,1656552
utree,2,100000000,100000000,delete,1122771
utree,1,100000000,100000000,delete,559134
DPTree,48,100000000,100000000,insert,7752328
DPTree,48,100000000,100000000,lookup,37541824
DPTree,47,100000000,100000000,insert,6148596
DPTree,47,100000000,100000000,lookup,35277989
DPTree,46,100000000,100000000,insert,5726933
DPTree,46,100000000,100000000,lookup,41005688
DPTree,45,100000000,100000000,insert,5449812
DPTree,45,100000000,100000000,lookup,36646626
DPTree,44,100000000,100000000,insert,5733094
DPTree,44,100000000,100000000,lookup,41703260
DPTree,43,100000000,100000000,insert,5384152
DPTree,43,100000000,100000000,lookup,38234096
DPTree,42,100000000,100000000,insert,5957543
DPTree,42,100000000,100000000,lookup,30886086
DPTree,41,100000000,100000000,insert,5134856
DPTree,41,100000000,100000000,lookup,31328423
DPTree,40,100000000,100000000,insert,5081204
DPTree,40,100000000,100000000,lookup,30899777
DPTree,39,100000000,100000000,insert,5723029
DPTree,39,100000000,100000000,lookup,36351189
DPTree,38,100000000,100000000,insert,5613652
DPTree,38,100000000,100000000,lookup,36553683
DPTree,37,100000000,100000000,insert,5745400
DPTree,37,100000000,100000000,lookup,30261296
DPTree,36,100000000,100000000,insert,4928538
DPTree,36,100000000,100000000,lookup,27952583
DPTree,35,100000000,100000000,insert,6912423
DPTree,35,100000000,100000000,lookup,29448276
DPTree,34,100000000,100000000,insert,5510325
DPTree,34,100000000,100000000,lookup,34680551
DPTree,33,100000000,100000000,insert,4672430
DPTree,33,100000000,100000000,lookup,33093031
DPTree,32,100000000,100000000,insert,4700372
DPTree,32,100000000,100000000,lookup,25902831
DPTree,31,100000000,100000000,insert,5471121
DPTree,31,100000000,100000000,lookup,30901707
DPTree,30,100000000,100000000,insert,5014814
DPTree,30,100000000,100000000,lookup,23916142
DPTree,29,100000000,100000000,insert,5244266
DPTree,29,100000000,100000000,lookup,24600033
DPTree,28,100000000,100000000,insert,5323559
DPTree,28,100000000,100000000,lookup,27220307
DPTree,27,100000000,100000000,insert,4593239
DPTree,27,100000000,100000000,lookup,21648904
DPTree,26,100000000,100000000,insert,5378613
DPTree,26,100000000,100000000,lookup,20511550
DPTree,25,100000000,100000000,insert,4734203
DPTree,25,100000000,100000000,lookup,24825835
DPTree,24,100000000,100000000,insert,4778625
DPTree,24,100000000,100000000,lookup,25165862
DPTree,23,100000000,100000000,insert,4304069
DPTree,23,100000000,100000000,lookup,19658964
DPTree,22,100000000,100000000,insert,4963686
DPTree,22,100000000,100000000,lookup,19200715
DPTree,21,100000000,100000000,insert,5328041
DPTree,21,100000000,100000000,lookup,18321365
DPTree,20,100000000,100000000,insert,5362862
DPTree,20,100000000,100000000,lookup,21490633
DPTree,19,100000000,100000000,insert,5042171
DPTree,19,100000000,100000000,lookup,16487816
DPTree,18,100000000,100000000,insert,4834885
DPTree,18,100000000,100000000,lookup,18189191
DPTree,17,100000000,100000000,insert,4549228
DPTree,17,100000000,100000000,lookup,18209102
DPTree,16,100000000,100000000,insert,4519053
DPTree,16,100000000,100000000,lookup,15308391
DPTree,15,100000000,100000000,insert,4739701
DPTree,15,100000000,100000000,lookup,15719715
DPTree,14,100000000,100000000,insert,4747437
DPTree,14,100000000,100000000,lookup,12766324
DPTree,13,100000000,100000000,insert,4292382
DPTree,13,100000000,100000000,lookup,15138075
DPTree,12,100000000,100000000,insert,4148776
DPTree,12,100000000,100000000,lookup,11045562
DPTree,11,100000000,100000000,insert,3892054
DPTree,11,100000000,100000000,lookup,10298950
DPTree,10,100000000,100000000,insert,3792209
DPTree,10,100000000,100000000,lookup,9907196
DPTree,9,100000000,100000000,insert,3778122
DPTree,9,100000000,100000000,lookup,9819318
DPTree,8,100000000,100000000,insert,3112201
DPTree,8,100000000,100000000,lookup,9396955
DPTree,7,100000000,100000000,insert,2800296
DPTree,7,100000000,100000000,lookup,7891357
DPTree,6,100000000,100000000,insert,2285517
DPTree,6,100000000,100000000,lookup,6800258
DPTree,5,100000000,100000000,insert,2205705
DPTree,5,100000000,100000000,lookup,5955456
DPTree,4,100000000,100000000,insert,2020905
DPTree,4,100000000,100000000,lookup,4798335
DPTree,3,100000000,100000000,insert,1760027
DPTree,3,100000000,100000000,lookup,3573963
DPTree,2,100000000,100000000,insert,1462850
DPTree,2,100000000,100000000,lookup,2421545
DPTree,1,100000000,100000000,insert,950828
DPTree,1,100000000,100000000,lookup,1232583
PLUSH,48,100000000,100000000,scan,978866
PLUSH,47,100000000,100000000,scan,1021999
PLUSH,46,100000000,100000000,scan,936788
PLUSH,45,100000000,100000000,scan,959236
PLUSH,44,100000000,100000000,scan,951216
PLUSH,43,100000000,100000000,scan,925700
PLUSH,42,100000000,100000000,scan,920015
PLUSH,41,100000000,100000000,scan,898409
PLUSH,40,100000000,100000000,scan,869530
PLUSH,39,100000000,100000000,scan,879926
PLUSH,38,100000000,100000000,scan,830906
DPTree,48,100000000,100000000,scan,3710486
DPTree,47,100000000,100000000,scan,3211402
DPTree,46,100000000,100000000,scan,3092877
DPTree,45,100000000,100000000,scan,3091219
DPTree,44,100000000,100000000,scan,3101424
DPTree,43,100000000,100000000,scan,3067111
DPTree,42,100000000,100000000,scan,3549812
DPTree,41,100000000,100000000,scan,3281151
DPTree,40,100000000,100000000,scan,3358620
DPTree,39,100000000,100000000,scan,3602467
DPTree,38,100000000,100000000,scan,3748220
DPTree,37,100000000,100000000,scan,3659100
DPTree,36,100000000,100000000,scan,3590458
DPTree,35,100000000,100000000,scan,3725795
DPTree,34,100000000,100000000,scan,2961841
DPTree,33,100000000,100000000,scan,3611144
DPTree,32,100000000,100000000,scan,3570142
DPTree,31,100000000,100000000,scan,2904945
DPTree,30,100000000,100000000,scan,2873158
DPTree,29,100000000,100000000,scan,2811763
DPTree,28,100000000,100000000,scan,3116340
DPTree,27,100000000,100000000,scan,2829816
DPTree,26,100000000,100000000,scan,2669731
DPTree,25,100000000,100000000,scan,2933980
DPTree,24,100000000,100000000,scan,2988199
DPTree,23,100000000,100000000,scan,3322461
DPTree,22,100000000,100000000,scan,3225850
DPTree,21,100000000,100000000,scan,3220794
DPTree,20,100000000,100000000,scan,3154594
DPTree,19,100000000,100000000,scan,2979519
DPTree,18,100000000,100000000,scan,2816113
DPTree,17,100000000,100000000,scan,2757312
DPTree,16,100000000,100000000,scan,2615696
DPTree,15,100000000,100000000,scan,2542867
DPTree,14,100000000,100000000,scan,2387545
DPTree,13,100000000,100000000,scan,2309492
DPTree,12,100000000,100000000,scan,2163112
DPTree,11,100000000,100000000,scan,1989939
DPTree,10,100000000,100000000,scan,1817861
DPTree,9,100000000,100000000,scan,1801339
DPTree,8,100000000,100000000,scan,1662792
DPTree,7,100000000,100000000,scan,1451669
DPTree,6,100000000,100000000,scan,1243027
DPTree,5,100000000,100000000,scan,1071186
DPTree,4,100000000,100000000,scan,899514
DPTree,3,100000000,100000000,scan,698889
DPTree,2,100000000,100000000,scan,471960
DPTree,1,100000000,100000000,scan,241687
PLUSH,37,100000000,100000000,scan,833000
PLUSH,36,100000000,100000000,scan,829462
PLUSH,35,100000000,100000000,scan,813013
PLUSH,34,100000000,100000000,scan,811740
PLUSH,33,100000000,100000000,scan,772314
PLUSH,32,100000000,100000000,scan,776785
PLUSH,31,100000000,100000000,scan,754271
PLUSH,30,100000000,100000000,scan,732515
PLUSH,29,100000000,100000000,scan,710358
PLUSH,28,100000000,100000000,scan,681271
PLUSH,27,100000000,100000000,scan,664903
PLUSH,26,100000000,100000000,scan,651194
PLUSH,25,100000000,100000000,scan,622946
PLUSH,24,100000000,100000000,scan,739625
PLUSH,23,100000000,100000000,scan,708260
PLUSH,22,100000000,100000000,scan,698149
PLUSH,21,100000000,100000000,scan,675235
PLUSH,20,100000000,100000000,scan,648399
PLUSH,19,100000000,100000000,scan,618426
PLUSH,18,100000000,100000000,scan,611433
PLUSH,17,100000000,100000000,scan,573799
PLUSH,16,100000000,100000000,scan,562575
PLUSH,15,100000000,100000000,scan,519784
PLUSH,14,100000000,100000000,scan,512263
PLUSH,13,100000000,100000000,scan,471877
PLUSH,12,100000000,100000000,scan,436178
PLUSH,11,100000000,100000000,scan,402149
PLUSH,10,100000000,100000000,scan,366816
PLUSH,9,100000000,100000000,scan,329489
PLUSH,8,100000000,100000000,scan,290224
PLUSH,7,100000000,100000000,scan,259144
PLUSH,6,100000000,100000000,scan,226034
PLUSH,5,100000000,100000000,scan,183281
PLUSH,4,100000000,100000000,scan,153705
PLUSH,3,100000000,100000000,scan,115858
PLUSH,2,100000000,100000000,scan,80121
PLUSH,1,100000000,100000000,scan,43324
FPTree,48,100000000,100000000,scan,995474
FPTree,47,100000000,100000000,scan,1136010
FPTree,46,100000000,100000000,scan,1116585
FPTree,45,100000000,100000000,scan,1151610
FPTree,44,100000000,100000000,scan,1062748
FPTree,43,100000000,100000000,scan,1064338
FPTree,42,100000000,100000000,scan,1051394
FPTree,41,100000000,100000000,scan,1109648
FPTree,40,100000000,100000000,scan,1025643
FPTree,39,100000000,100000000,scan,1009358
FPTree,38,100000000,100000000,scan,994211
FPTree,37,100000000,100000000,scan,1047015
FPTree,36,100000000,100000000,scan,1000393
FPTree,35,100000000,100000000,scan,1016128
FPTree,34,100000000,100000000,scan,1066880
FPTree,33,100000000,100000000,scan,1041567
FPTree,32,100000000,100000000,scan,979292
FPTree,31,100000000,100000000,scan,965776
FPTree,30,100000000,100000000,scan,1003237
FPTree,29,100000000,100000000,scan,982245
FPTree,28,100000000,100000000,scan,924029
FPTree,27,100000000,100000000,scan,940981
FPTree,26,100000000,100000000,scan,864972
FPTree,25,100000000,100000000,scan,899397
FPTree,24,100000000,100000000,scan,1028036
FPTree,23,100000000,100000000,scan,1020416
FPTree,22,100000000,100000000,scan,1016929
FPTree,21,100000000,100000000,scan,1013293
FPTree,20,100000000,100000000,scan,1003784
FPTree,19,100000000,100000000,scan,993090
FPTree,18,100000000,100000000,scan,978703
FPTree,17,100000000,100000000,scan,958877
FPTree,16,100000000,100000000,scan,929284
FPTree,15,100000000,100000000,scan,906173
FPTree,14,100000000,100000000,scan,871708
FPTree,13,100000000,100000000,scan,834206
FPTree,12,100000000,100000000,scan,802020
FPTree,11,100000000,100000000,scan,763639
FPTree,10,100000000,100000000,scan,714847
FPTree,9,100000000,100000000,scan,664339
FPTree,8,100000000,100000000,scan,606937
FPTree,7,100000000,100000000,scan,552417
FPTree,6,100000000,100000000,scan,487859
FPTree,5,100000000,100000000,scan,422665
FPTree,4,100000000,100000000,scan,352053
FPTree,3,100000000,100000000,scan,275522
FPTree,2,100000000,100000000,scan,187979
FPTree,1,100000000,100000000,scan,94955
FASTFAIR,48,100000000,100000000,scan,1790539
FASTFAIR,47,100000000,100000000,scan,1773306
FASTFAIR,46,100000000,100000000,scan,1733777
FASTFAIR,45,100000000,100000000,scan,1699106
FASTFAIR,44,100000000,100000000,scan,1657820
FASTFAIR,43,100000000,100000000,scan,1624318
FASTFAIR,42,100000000,100000000,scan,1612765
FASTFAIR,41,100000000,100000000,scan,1599917
FASTFAIR,40,100000000,100000000,scan,1544706
FASTFAIR,39,100000000,100000000,scan,1506869
FASTFAIR,38,100000000,100000000,scan,1477269
FASTFAIR,37,100000000,100000000,scan,1421696
FASTFAIR,36,100000000,100000000,scan,1483586
FASTFAIR,35,100000000,100000000,scan,1447023
FASTFAIR,34,100000000,100000000,scan,1405492
FASTFAIR,33,100000000,100000000,scan,1320138
FASTFAIR,32,100000000,100000000,scan,1330519
FASTFAIR,31,100000000,100000000,scan,1285096
FASTFAIR,30,100000000,100000000,scan,1247997
FASTFAIR,29,100000000,100000000,scan,1247997
FASTFAIR,28,100000000,100000000,scan,1169074
FASTFAIR,27,100000000,100000000,scan,1169074
FASTFAIR,26,100000000,100000000,scan,1083373
FASTFAIR,25,100000000,100000000,scan,1050647
FASTFAIR,24,100000000,100000000,scan,1284571
FASTFAIR,23,100000000,100000000,scan,1236788
FASTFAIR,22,100000000,100000000,scan,1178817
FASTFAIR,21,100000000,100000000,scan,1107233
FASTFAIR,20,100000000,100000000,scan,1064976
FASTFAIR,19,100000000,100000000,scan,1025814
FASTFAIR,18,100000000,100000000,scan,981286
FASTFAIR,17,100000000,100000000,scan,916962
FASTFAIR,16,100000000,100000000,scan,876074
FASTFAIR,15,100000000,100000000,scan,813216
FASTFAIR,14,100000000,100000000,scan,752723
FASTFAIR,13,100000000,100000000,scan,705363
FASTFAIR,12,100000000,100000000,scan,641884
FASTFAIR,11,100000000,100000000,scan,597488
FASTFAIR,10,100000000,100000000,scan,544847
FASTFAIR,9,100000000,100000000,scan,486139
FASTFAIR,8,100000000,100000000,scan,431534
FASTFAIR,7,100000000,100000000,scan,383254
FASTFAIR,6,100000000,100000000,scan,325512
FASTFAIR,5,100000000,100000000,scan,269789
FASTFAIR,4,100000000,100000000,scan,220366
FASTFAIR,3,100000000,100000000,SCAN,164169
FASTFAIR,2,100000000,100000000,SCAN,109593
FASTFAIR,1,100000000,100000000,SCAN,55732
Viper,48,100000000,100000000,insert,25072455
Viper,47,100000000,100000000,insert,24925099
Viper,46,100000000,100000000,insert,24600949
Viper,45,100000000,100000000,insert,24230088
Viper,44,100000000,100000000,insert,23886287
Viper,43,100000000,100000000,insert,23476471
Viper,42,100000000,100000000,insert,23082433
Viper,41,100000000,100000000,insert,21802091
Viper,40,100000000,100000000,insert,21041327
Viper,39,100000000,100000000,insert,20904652
Viper,38,100000000,100000000,insert,20904652
Viper,37,100000000,100000000,insert,20743256
Viper,36,100000000,100000000,insert,20429883
Viper,35,100000000,100000000,insert,20123078
Viper,34,100000000,100000000,insert,19563007
Viper,33,100000000,100000000,insert,19127789
Viper,32,100000000,100000000,insert,18735513
Viper,31,100000000,100000000,insert,18251118
Viper,30,100000000,100000000,insert,18001450
Viper,29,100000000,100000000,insert,17356380
Viper,28,100000000,100000000,insert,16860953
Viper,27,100000000,100000000,insert,16837400
Viper,26,100000000,100000000,insert,16746700
Viper,25,100000000,100000000,insert,15911798
Viper,24,100000000,100000000,insert,16361472
Viper,23,100000000,100000000,insert,16361472
Viper,22,100000000,100000000,insert,15272482
Viper,21,100000000,100000000,insert,14486658
Viper,20,100000000,100000000,insert,14000741
Viper,19,100000000,100000000,insert,13358762
Viper,18,100000000,100000000,insert,12747005
Viper,17,100000000,100000000,insert,11874469
Viper,16,100000000,100000000,insert,11874469
Viper,15,100000000,100000000,insert,10806994
Viper,14,100000000,100000000,insert,9970424
Viper,13,100000000,100000000,insert,9410866
Viper,12,100000000,100000000,insert,8681864
Viper,11,100000000,100000000,insert,8063232
Viper,10,100000000,100000000,insert,7450767
Viper,9,100000000,100000000,insert,6650281
Viper,8,100000000,100000000,insert,5932346
Viper,7,100000000,100000000,insert,5210744
Viper,6,100000000,100000000,insert,4507333
Viper,5,100000000,100000000,insert,3750981
Viper,4,100000000,100000000,insert,3003542
Viper,3,100000000,100000000,insert,2258147
Viper,2,100000000,100000000,insert,1496607
Viper,1,100000000,100000000,insert,746258
Viper,48,100000000,100000000,lookup,48239351
Viper,47,100000000,100000000,lookup,47988895
Viper,46,100000000,100000000,lookup,47792552
Viper,45,100000000,100000000,lookup,46280890
Viper,44,100000000,100000000,lookup,45425272
Viper,43,100000000,100000000,lookup,45324941
Viper,42,100000000,100000000,lookup,43680197
Viper,41,100000000,100000000,lookup,42869331
Viper,40,100000000,100000000,lookup,41741675
Viper,39,100000000,100000000,lookup,40901286
Viper,38,100000000,100000000,lookup,40901286
Viper,37,100000000,100000000,lookup,39781396
Viper,36,100000000,100000000,lookup,38242524
Viper,35,100000000,100000000,lookup,37392760
Viper,34,100000000,100000000,lookup,36855455
Viper,33,100000000,100000000,lookup,35421700
Viper,32,100000000,100000000,lookup,34411894
Viper,31,100000000,100000000,lookup,33525320
Viper,30,100000000,100000000,lookup,32541014
Viper,29,100000000,100000000,lookup,31562312
Viper,28,100000000,100000000,lookup,30503827
Viper,27,100000000,100000000,lookup,29597137
Viper,26,100000000,100000000,lookup,28531487
Viper,25,100000000,100000000,lookup,27418894
Viper,24,100000000,100000000,lookup,28654738
Viper,23,100000000,100000000,lookup,28654738
Viper,22,100000000,100000000,lookup,26426287
Viper,21,100000000,100000000,lookup,25264504
Viper,20,100000000,100000000,lookup,24175923
Viper,19,100000000,100000000,lookup,22952464
Viper,18,100000000,100000000,lookup,21890835
Viper,17,100000000,100000000,lookup,21127655
Viper,16,100000000,100000000,lookup,21127655
Viper,15,100000000,100000000,lookup,18438027
Viper,14,100000000,100000000,lookup,17566722
Viper,13,100000000,100000000,lookup,16045221
Viper,12,100000000,100000000,lookup,14822401
Viper,11,100000000,100000000,lookup,13647820
Viper,10,100000000,100000000,lookup,12468984
Viper,9,100000000,100000000,lookup,11222605
Viper,8,100000000,100000000,lookup,10044915
Viper,7,100000000,100000000,lookup,8810659
Viper,6,100000000,100000000,lookup,7539654
Viper,5,100000000,100000000,lookup,6303965
Viper,4,100000000,100000000,lookup,5052640
Viper,3,100000000,100000000,lookup,3801991
Viper,2,100000000,100000000,lookup,2621464
Viper,1,100000000,100000000,lookup,1298742
Viper,48,100000000,100000000,delete,24479615
Viper,47,100000000,100000000,delete,24154868
Viper,46,100000000,100000000,delete,23684342
Viper,45,100000000,100000000,delete,23734467
Viper,44,100000000,100000000,delete,23674937
Viper,43,100000000,100000000,delete,23918935
Viper,42,100000000,100000000,delete,23434650
Viper,41,100000000,100000000,delete,22733047
Viper,40,100000000,100000000,delete,22372894
Viper,39,100000000,100000000,delete,22218270
Viper,38,100000000,100000000,delete,22218270
Viper,37,100000000,100000000,delete,20997237
Viper,36,100000000,100000000,delete,20811982
Viper,35,100000000,100000000,delete,20246242
Viper,34,100000000,100000000,delete,19841014
Viper,33,100000000,100000000,delete,19391148
Viper,32,100000000,100000000,delete,18851520
Viper,31,100000000,100000000,delete,18735776
Viper,30,100000000,100000000,delete,17949993
Viper,29,100000000,100000000,delete,17579052
Viper,28,100000000,100000000,delete,17204292
Viper,27,100000000,100000000,delete,16790277
Viper,26,100000000,100000000,delete,16152522
Viper,25,100000000,100000000,delete,15654855
Viper,24,100000000,100000000,delete,15538977
Viper,23,100000000,100000000,delete,15538977
Viper,22,100000000,100000000,delete,14686763
Viper,21,100000000,100000000,delete,14103526
Viper,20,100000000,100000000,delete,13611802
Viper,19,100000000,100000000,delete,12971207
Viper,18,100000000,100000000,delete,12413868
Viper,17,100000000,100000000,delete,11969976
Viper,16,100000000,100000000,delete,11969976
Viper,15,100000000,100000000,delete,10553613
Viper,14,100000000,100000000,delete,10029283
Viper,13,100000000,100000000,delete,9271965
Viper,12,100000000,100000000,delete,8612906
Viper,11,100000000,100000000,delete,7947329
Viper,10,100000000,100000000,delete,7264177
Viper,9,100000000,100000000,delete,7264177
Viper,8,100000000,100000000,delete,5871509
Viper,7,100000000,100000000,delete,5154818
Viper,6,100000000,100000000,delete,4426767
Viper,5,100000000,100000000,delete,3690883
Viper,4,100000000,100000000,delete,2966099
Viper,3,100000000,100000000,delete,2222689
Viper,2,100000000,100000000,delete,1500915
Viper,1,100000000,100000000,delete,736357
Plush w/o DRAM-filter,48,100000000,100000000,insert,30473707
Plush w/o DRAM-filter,48,100000000,100000000,lookup,22562262
Plush w/o DRAM-filter,47,100000000,100000000,insert,30131740
Plush w/o DRAM-filter,47,100000000,100000000,lookup,22167561
Plush w/o DRAM-filter,46,100000000,100000000,insert,29775944
Plush w/o DRAM-filter,46,100000000,100000000,lookup,21871910
Plush w/o DRAM-filter,45,100000000,100000000,insert,29163613
Plush w/o DRAM-filter,45,100000000,100000000,lookup,21475235
Plush w/o DRAM-filter,44,100000000,100000000,insert,28803410
Plush w/o DRAM-filter,44,100000000,100000000,lookup,20832744
Plush w/o DRAM-filter,43,100000000,100000000,insert,28436484
Plush w/o DRAM-filter,43,100000000,100000000,lookup,20649041
Plush w/o DRAM-filter,42,100000000,100000000,insert,28049044
Plush w/o DRAM-filter,42,100000000,100000000,lookup,20117542
Plush w/o DRAM-filter,41,100000000,100000000,insert,27328334
Plush w/o DRAM-filter,41,100000000,100000000,lookup,19541706
Plush w/o DRAM-filter,40,100000000,100000000,insert,26993747
Plush w/o DRAM-filter,40,100000000,100000000,lookup,19234831
Plush w/o DRAM-filter,39,100000000,100000000,insert,26672041
Plush w/o DRAM-filter,39,100000000,100000000,lookup,18772276
Plush w/o DRAM-filter,38,100000000,100000000,insert,26267752
Plush w/o DRAM-filter,38,100000000,100000000,lookup,18365379
Plush w/o DRAM-filter,37,100000000,100000000,insert,25806350
Plush w/o DRAM-filter,37,100000000,100000000,lookup,17959439
Plush w/o DRAM-filter,36,100000000,100000000,insert,25385483
Plush w/o DRAM-filter,36,100000000,100000000,lookup,17776341
Plush w/o DRAM-filter,35,100000000,100000000,insert,24813291
Plush w/o DRAM-filter,35,100000000,100000000,lookup,17582539
Plush w/o DRAM-filter,34,100000000,100000000,insert,24536003
Plush w/o DRAM-filter,34,100000000,100000000,lookup,17191183
Plush w/o DRAM-filter,33,100000000,100000000,insert,24072636
Plush w/o DRAM-filter,33,100000000,100000000,lookup,16270188
Plush w/o DRAM-filter,32,100000000,100000000,insert,23507182
Plush w/o DRAM-filter,32,100000000,100000000,lookup,16156878
Plush w/o DRAM-filter,31,100000000,100000000,insert,22923898
Plush w/o DRAM-filter,31,100000000,100000000,lookup,15647926
Plush w/o DRAM-filter,30,100000000,100000000,insert,22443380
Plush w/o DRAM-filter,30,100000000,100000000,lookup,15124593
Plush w/o DRAM-filter,29,100000000,100000000,insert,21769130
Plush w/o DRAM-filter,29,100000000,100000000,lookup,14440642
Plush w/o DRAM-filter,28,100000000,100000000,insert,21184665
Plush w/o DRAM-filter,28,100000000,100000000,lookup,14189131
Plush w/o DRAM-filter,27,100000000,100000000,insert,20652570
Plush w/o DRAM-filter,27,100000000,100000000,lookup,13621794
Plush w/o DRAM-filter,26,100000000,100000000,insert,19997018
Plush w/o DRAM-filter,26,100000000,100000000,lookup,13277625
Plush w/o DRAM-filter,25,100000000,100000000,insert,20066474
Plush w/o DRAM-filter,25,100000000,100000000,lookup,12664320
Plush w/o DRAM-filter,24,100000000,100000000,insert,21171251
Plush w/o DRAM-filter,24,100000000,100000000,lookup,14521716
Plush w/o DRAM-filter,23,100000000,100000000,insert,20470006
Plush w/o DRAM-filter,23,100000000,100000000,lookup,14109692
Plush w/o DRAM-filter,22,100000000,100000000,insert,20330818
Plush w/o DRAM-filter,22,100000000,100000000,lookup,13505504
Plush w/o DRAM-filter,21,100000000,100000000,insert,19626242
Plush w/o DRAM-filter,21,100000000,100000000,lookup,12796805
Plush w/o DRAM-filter,20,100000000,100000000,insert,18970558
Plush w/o DRAM-filter,20,100000000,100000000,lookup,12394017
Plush w/o DRAM-filter,19,100000000,100000000,insert,18149454
Plush w/o DRAM-filter,19,100000000,100000000,lookup,11733113
Plush w/o DRAM-filter,18,100000000,100000000,insert,16834367
Plush w/o DRAM-filter,18,100000000,100000000,lookup,11259504
Plush w/o DRAM-filter,17,100000000,100000000,insert,16606584
Plush w/o DRAM-filter,17,100000000,100000000,lookup,10576796
Plush w/o DRAM-filter,16,100000000,100000000,insert,15782490
Plush w/o DRAM-filter,16,100000000,100000000,lookup,9813316
Plush w/o DRAM-filter,15,100000000,100000000,insert,14963431
Plush w/o DRAM-filter,15,100000000,100000000,lookup,9371421
Plush w/o DRAM-filter,14,100000000,100000000,insert,14004526
Plush w/o DRAM-filter,14,100000000,100000000,lookup,8758039
Plush w/o DRAM-filter,13,100000000,100000000,insert,13170349
Plush w/o DRAM-filter,13,100000000,100000000,lookup,8060424
Plush w/o DRAM-filter,12,100000000,100000000,insert,12331815
Plush w/o DRAM-filter,12,100000000,100000000,lookup,7263636
Plush w/o DRAM-filter,11,100000000,100000000,insert,11465705
Plush w/o DRAM-filter,11,100000000,100000000,lookup,6907937
Plush w/o DRAM-filter,10,100000000,100000000,insert,10474789
Plush w/o DRAM-filter,10,100000000,100000000,lookup,6267667
Plush w/o DRAM-filter,9,100000000,100000000,insert,9586120
Plush w/o DRAM-filter,9,100000000,100000000,lookup,5595144
Plush w/o DRAM-filter,8,100000000,100000000,insert,8604537
Plush w/o DRAM-filter,8,100000000,100000000,lookup,4967381
Plush w/o DRAM-filter,7,100000000,100000000,insert,7474602
Plush w/o DRAM-filter,7,100000000,100000000,lookup,4322338
Plush w/o DRAM-filter,6,100000000,100000000,insert,6661904
Plush w/o DRAM-filter,6,100000000,100000000,lookup,3670170
Plush w/o DRAM-filter,5,100000000,100000000,insert,5629863
Plush w/o DRAM-filter,5,100000000,100000000,lookup,3025255
Plush w/o DRAM-filter,4,100000000,100000000,insert,4614561
Plush w/o DRAM-filter,4,100000000,100000000,lookup,2398626
Plush w/o DRAM-filter,3,100000000,100000000,insert,3536894
Plush w/o DRAM-filter,3,100000000,100000000,lookup,1788014
Plush w/o DRAM-filter,2,100000000,100000000,insert,2431005
Plush w/o DRAM-filter,2,100000000,100000000,lookup,1185249
Plush w/o DRAM-filter,1,100000000,100000000,insert,1308083
Plush w/o DRAM-filter,1,100000000,100000000,lookup,587507
Plush w/o DRAM-filter,48,100000000,100000000,delete,30437149
Plush w/o DRAM-filter,47,100000000,100000000,delete,29798169
Plush w/o DRAM-filter,46,100000000,100000000,delete,29520176
Plush w/o DRAM-filter,45,100000000,100000000,delete,28865998
Plush w/o DRAM-filter,44,100000000,100000000,delete,28664054
Plush w/o DRAM-filter,43,100000000,100000000,delete,28227000
Plush w/o DRAM-filter,42,100000000,100000000,delete,27884394
Plush w/o DRAM-filter,41,100000000,100000000,delete,27258511
Plush w/o DRAM-filter,40,100000000,100000000,delete,26879905
Plush w/o DRAM-filter,39,100000000,100000000,delete,26198131
Plush w/o DRAM-filter,38,100000000,100000000,delete,26014725
Plush w/o DRAM-filter,37,100000000,100000000,delete,25738296
Plush w/o DRAM-filter,36,100000000,100000000,delete,25656379
Plush w/o DRAM-filter,35,100000000,100000000,delete,24811122
Plush w/o DRAM-filter,34,100000000,100000000,delete,24549356
Plush w/o DRAM-filter,33,100000000,100000000,delete,23875485
Plush w/o DRAM-filter,32,100000000,100000000,delete,23495084
Plush w/o DRAM-filter,31,100000000,100000000,delete,22875402
Plush w/o DRAM-filter,30,100000000,100000000,delete,22310196
Plush w/o DRAM-filter,29,100000000,100000000,delete,21753372
Plush w/o DRAM-filter,28,100000000,100000000,delete,21221394
Plush w/o DRAM-filter,27,100000000,100000000,delete,20675384
Plush w/o DRAM-filter,26,100000000,100000000,delete,20084777
Plush w/o DRAM-filter,25,100000000,100000000,delete,21000742
Plush w/o DRAM-filter,24,100000000,100000000,delete,21598909
Plush w/o DRAM-filter,23,100000000,100000000,delete,21093096
Plush w/o DRAM-filter,22,100000000,100000000,delete,20457282
Plush w/o DRAM-filter,21,100000000,100000000,delete,19518941
Plush w/o DRAM-filter,20,100000000,100000000,delete,19056470
Plush w/o DRAM-filter,19,100000000,100000000,delete,18239576
Plush w/o DRAM-filter,18,100000000,100000000,delete,17499750
Plush w/o DRAM-filter,17,100000000,100000000,delete,16723713
Plush w/o DRAM-filter,16,100000000,100000000,delete,15816138
Plush w/o DRAM-filter,15,100000000,100000000,delete,14986290
Plush w/o DRAM-filter,14,100000000,100000000,delete,14094015
Plush w/o DRAM-filter,13,100000000,100000000,delete,13274323
Plush w/o DRAM-filter,12,100000000,100000000,delete,12409347
Plush w/o DRAM-filter,11,100000000,100000000,delete,11474777
Plush w/o DRAM-filter,10,100000000,100000000,delete,10585210
Plush w/o DRAM-filter,9,100000000,100000000,delete,9642495
Plush w/o DRAM-filter,8,100000000,100000000,delete,8673818
Plush w/o DRAM-filter,7,100000000,100000000,delete,7659834
Plush w/o DRAM-filter,6,100000000,100000000,delete,6671489
Plush w/o DRAM-filter,5,100000000,100000000,delete,5659442
Plush w/o DRAM-filter,4,100000000,100000000,delete,4627081
Plush w/o DRAM-filter,3,100000000,100000000,delete,3497088
Plush w/o DRAM-filter,2,100000000,100000000,delete,2425105
Plush w/o DRAM-filter,1,100000000,100000000,delete,1296171
